{
  "lr": {
    "ECE": 0.03550729311275257,
    "MCE": 0.6949437077440791,
    "Brier": 0.09632119825461907
  },
  "rf": {
    "ECE": 0.03372375439592254,
    "MCE": 0.21696277081692872,
    "Brier": 0.09856627139567706
  },
  "gb": {
    "ECE": 0.035252170478537626,
    "MCE": 0.46236624212276967,
    "Brier": 0.09442164556205454
  },
  "xgb": {
    "ECE": 0.03874335848862819,
    "MCE": 0.5453405514359474,
    "Brier": 0.09953519309294655
  },
  "lgb": {
    "ECE": 0.026543794920299058,
    "MCE": 0.19603450725410315,
    "Brier": 0.09842018934372418
  }
}