{
  "auc": 0.7649978041282389,
  "ap": 0.3559893277113899
}