{
  "lr": {
    "accuracy": 0.11727078891257996,
    "precision": 0.11727078891257996,
    "recall": 1.0,
    "f1": 0.20992366412213742,
    "auc": 0.7240228370663153,
    "ap": 0.28456420366690344,
    "brier": 0.09650035571007377,
    "ece": 0.034967641059889275,
    "f1_ci_lo": 0.17509727626459143,
    "f1_ci_hi": 0.26625372584594603
  },
  "rf": {
    "accuracy": 0.31130063965884863,
    "precision": 0.14171122994652408,
    "recall": 0.9636363636363636,
    "f1": 0.2470862470862471,
    "auc": 0.7160957400087835,
    "ap": 0.2510492138741919,
    "brier": 0.09856627139567706,
    "ece": 0.03372375439592254,
    "f1_ci_lo": 0.20411779731369334,
    "f1_ci_hi": 0.32528505897771953
  },
  "gb": {
    "accuracy": 0.17484008528784648,
    "precision": 0.1244343891402715,
    "recall": 1.0,
    "f1": 0.22132796780684105,
    "auc": 0.7535792709705753,
    "ap": 0.31941580228356636,
    "brier": 0.09442164556205454,
    "ece": 0.035252170478537626,
    "f1_ci_lo": 0.18362708719851575,
    "f1_ci_hi": 0.2807853778414908
  },
  "xgb": {
    "accuracy": 0.18976545842217485,
    "precision": 0.12643678160919541,
    "recall": 1.0,
    "f1": 0.22448979591836737,
    "auc": 0.7236056214317084,
    "ap": 0.22815913788531,
    "brier": 0.09953519309294655,
    "ece": 0.03874335848862819,
    "f1_ci_lo": 0.18552906204541142,
    "f1_ci_hi": 0.2808410732714138
  },
  "lgb": {
    "accuracy": 0.1791044776119403,
    "precision": 0.1232876712328767,
    "recall": 0.9818181818181818,
    "f1": 0.21906693711967545,
    "auc": 0.6933025911286781,
    "ap": 0.2709496114983288,
    "brier": 0.09842018934372418,
    "ece": 0.026543794920299058,
    "f1_ci_lo": 0.18329545454545457,
    "f1_ci_hi": 0.27527473780209755
  }
}