{
  "lr": 0.15619854005660744,
  "rf": 0.17857142857142855,
  "gb": 0.10978790072905223,
  "xgb": 0.10622377693653107,
  "lgb": 0.14503448678980593,
  "cat": 0.01
}