{
  "sampler": "none",
  "calibrator": "sigmoid",
  "threshold": 0.21999999999999997,
  "test_metrics_calibrated": {
    "accuracy": 0.8723404255319149,
    "precision": 0.4444444444444444,
    "recall": 0.36363636363636365,
    "f1": 0.39999999999999997,
    "roc_auc": 0.7228915662650603,
    "pr_auc": 0.3072240020515883,
    "brier": 0.09531043849428325
  }
}