{
  "accuracy": {
    "mean": 0.7568510638297872,
    "low": 0.6752659574468085,
    "high": 0.8297872340425532
  },
  "f1": {
    "mean": 0.4021663281163098,
    "low": 0.209375,
    "high": 0.5979787234042552
  },
  "roc_auc": {
    "mean": 0.7360666628855179,
    "low": 0.5297002032520326,
    "high": 0.9134404414151249
  },
  "pr_auc": {
    "mean": 0.36227742716939965,
    "low": 0.14730923359487955,
    "high": 0.634275578302027
  }
}