{
  "accuracy": {
    "mean": 0.7812340425531914,
    "low": 0.7021276595744681,
    "high": 0.8617021276595744
  },
  "f1": {
    "mean": 0.3973965212138441,
    "low": 0.1875,
    "high": 0.5945945945945946
  },
  "roc_auc": {
    "mean": 0.7843482994733525,
    "low": 0.5904783981555733,
    "high": 0.938960027100271
  },
  "pr_auc": {
    "mean": 0.47491286368884217,
    "low": 0.17889003713246726,
    "high": 0.7311394350923113
  }
}