{
  "accuracy": {
    "mean": 0.723063829787234,
    "low": 0.6382978723404256,
    "high": 0.8085106382978723
  },
  "f1": {
    "mean": 0.33820561161163987,
    "low": 0.15182692307692308,
    "high": 0.5320408163265306
  },
  "roc_auc": {
    "mean": 0.7265630936909059,
    "low": 0.5335521053392539,
    "high": 0.8966746794871795
  },
  "pr_auc": {
    "mean": 0.44413390837288585,
    "low": 0.13947961939400882,
    "high": 0.6951909487112725
  }
}