{
  "accuracy": {
    "mean": 0.7657021276595745,
    "low": 0.6808510638297872,
    "high": 0.851063829787234
  },
  "f1": {
    "mean": 0.3797985227100164,
    "low": 0.17901069518716575,
    "high": 0.5714285714285715
  },
  "roc_auc": {
    "mean": 0.7412916555003239,
    "low": 0.5356547619047619,
    "high": 0.923892799284956
  },
  "pr_auc": {
    "mean": 0.38459847631930905,
    "low": 0.15918094463837906,
    "high": 0.6658116211130916
  }
}