{
  "sampler": "none",
  "mean_accuracy": 0.7653333333333333,
  "mean_precision": 0.2597667966708214,
  "mean_recall": 0.5472222222222223,
  "mean_f1": 0.35044581376254247,
  "mean_roc_auc": 0.7587278255188703,
  "mean_pr_auc": 0.2929647163889449
}