{
  "accuracy": {
    "mean": 0.7347659574468084,
    "low": 0.648936170212766,
    "high": 0.8191489361702128
  },
  "f1": {
    "mean": 0.2741820550763963,
    "low": 0.07142857142857142,
    "high": 0.4659302325581395
  },
  "roc_auc": {
    "mean": 0.6412182389893549,
    "low": 0.45834845301757066,
    "high": 0.7895227368095584
  },
  "pr_auc": {
    "mean": 0.1971692659562846,
    "low": 0.09127723273103709,
    "high": 0.3368937631921893
  }
}