{
  "bootstrap_ci": {
    "accuracy": {
      "mean": 0.781595744680851,
      "std": 0.04099418081902707,
      "low": 0.7021276595744681,
      "high": 0.8617021276595744
    },
    "precision": {
      "mean": 0.30548751075179253,
      "std": 0.10578030723814562,
      "low": 0.1025,
      "high": 0.5202093397745571
    },
    "recall": {
      "mean": 0.6519343915888034,
      "std": 0.14485672149224862,
      "low": 0.3333333333333333,
      "high": 0.9090909090909091
    },
    "f1": {
      "mean": 0.4085073736884741,
      "std": 0.11710174372859763,
      "low": 0.1550224887556222,
      "high": 0.6223076923076921
    },
    "roc_auc": {
      "mean": 0.7459140502618734,
      "std": 0.09682150468116651,
      "low": 0.5132327476445124,
      "high": 0.8903066812705366
    },
    "pr_auc": {
      "mean": 0.38028293200972363,
      "std": 0.13516875769690231,
      "low": 0.13183310149743746,
      "high": 0.6379872621304121
    },
    "brier_score": {
      "mean": 0.20340793907817692,
      "std": 0.004774397692358541,
      "low": 0.19291345713387759,
      "high": 0.21130406123528647
    }
  },
  "ensemble_metrics": {
    "accuracy": 0.776595744680851,
    "precision": 0.2916666666666667,
    "recall": 0.6363636363636364,
    "f1": 0.4,
    "roc_auc": 0.7382256297918949,
    "pr_auc": 0.31109454288860205,
    "brier_score": 0.20378854942865302
  },
  "n_imputations": 5,
  "n_bootstrap": 100,
  "imputation_strategy": "iterative_median"
}