{
  "accuracy": {
    "mean": 0.7472127659574469,
    "low": 0.6595744680851063,
    "high": 0.8297872340425532
  },
  "f1": {
    "mean": 0.39341946822111584,
    "low": 0.20243589743589743,
    "high": 0.5979787234042552
  },
  "roc_auc": {
    "mean": 0.748057795335956,
    "low": 0.5565941011235955,
    "high": 0.9214637915808065
  },
  "pr_auc": {
    "mean": 0.4423041460392709,
    "low": 0.16981028358992786,
    "high": 0.6960660876014936
  }
}