{
  "accuracy": {
    "mean": 0.7549148936170212,
    "low": 0.6595744680851063,
    "high": 0.851063829787234
  },
  "f1": {
    "mean": 0.32990788943000676,
    "low": 0.13181159420289856,
    "high": 0.5360256410256409
  },
  "roc_auc": {
    "mean": 0.6587356806846634,
    "low": 0.48387775701737434,
    "high": 0.8298249898249899
  },
  "pr_auc": {
    "mean": 0.25992046311874584,
    "low": 0.10470025614668473,
    "high": 0.47249351080417223
  }
}