{
  "accuracy": {
    "mean": 0.8122765957446809,
    "low": 0.7446808510638298,
    "high": 0.8829787234042553
  },
  "f1": {
    "mean": 0.49313169953477787,
    "low": 0.2857142857142857,
    "high": 0.6836007702182284
  },
  "roc_auc": {
    "mean": 0.780306373629407,
    "low": 0.570503494904625,
    "high": 0.9484865694245178
  },
  "pr_auc": {
    "mean": 0.5003454743346663,
    "low": 0.19430384155815697,
    "high": 0.7492205430280878
  }
}