{
  "accuracy": {
    "mean": 0.6929787234042554,
    "low": 0.6063829787234043,
    "high": 0.7821808510638295
  },
  "f1": {
    "mean": 0.34875629167455297,
    "low": 0.1738235294117647,
    "high": 0.5345833333333333
  },
  "roc_auc": {
    "mean": 0.7613860526883323,
    "low": 0.5613647155313822,
    "high": 0.9335321969696969
  },
  "pr_auc": {
    "mean": 0.47886509832598406,
    "low": 0.1852102875347052,
    "high": 0.7240222310369369
  }
}