{
  "accuracy": {
    "mean": 0.7685744680851064,
    "low": 0.6808510638297872,
    "high": 0.851063829787234
  },
  "f1": {
    "mean": 0.4145407804882658,
    "low": 0.22222222222222218,
    "high": 0.6138932496075352
  },
  "roc_auc": {
    "mean": 0.7404335142155999,
    "low": 0.5251642935377875,
    "high": 0.9228446055342949
  },
  "pr_auc": {
    "mean": 0.47712019937603467,
    "low": 0.17712218925592718,
    "high": 0.7302234308030678
  }
}